{"loss_val": 4.231690406799316, "_timestamp": 1731766068.4729314, "_runtime": 970.9433374404907, "_step": 1965, "accuracy val ": 0.7222222089767456, "conf_mat_table": {"_type": "table-file", "sha256": "1817188ca034cd94f777ab7a211aa9464052634d691c85d9d3e1793c4191ee52", "size": 143, "artifact_path": "wandb-client-artifact://fkqirhmc24cak1eaixsjjia3qjoi9g963umpv2uo7hy3bfh2296qdjnotuy3ib2a6scmw27698e9wrcxfcw8fmrywjqgb5sd5kwnmd4txk11qnelpeozj5v8k0e3xpl3:latest/conf_mat_table.table.json", "_latest_artifact_path": "wandb-client-artifact://fkqirhmc24cak1eaixsjjia3qjoi9g963umpv2uo7hy3bfh2296qdjnotuy3ib2a6scmw27698e9wrcxfcw8fmrywjqgb5sd5kwnmd4txk11qnelpeozj5v8k0e3xpl3:latest/conf_mat_table.table.json", "path": "media/table/conf_mat_table_1964_1817188ca034cd94f777.table.json", "ncols": 3, "nrows": 4}, "lr-Adam": 0.001, "trainer/global_step": 339, "loss_comp_time_inside_training": 0.0006530284881591797, "loss": 3.8729143142700195, "accuracy": 0.75, "misc_time_inside_training": 0.0004086494445800781, "training_step_time": 0.32277607917785645, "train_loss_epoch": 11.881526947021484, "epoch": 9, "_wandb": {"runtime": 970}}