{"loss_val": 12.5, "_timestamp": 1730675347.5606768, "_runtime": 1009.9990699291229, "_step": 1685, "accuracy val ": 0.6875, "conf_mat_table": {"_type": "table-file", "sha256": "ad0e875fd9ba34faa03e2eac57f023182c571a6a5c63da1eb63546a3f4094e06", "size": 558, "artifact_path": "wandb-client-artifact://q7e3n3yl38k9uv6rh3t9sz4j3zud3pf7364tyovmuw4j2z6k2qheofqant9iv7etwtcjbrlolr7c0hcn3jmwsuddwj62jq35cnhf8fs3rymo2rnyg4vz1i7qj99q6d7f:latest/conf_mat_table.table.json", "_latest_artifact_path": "wandb-client-artifact://q7e3n3yl38k9uv6rh3t9sz4j3zud3pf7364tyovmuw4j2z6k2qheofqant9iv7etwtcjbrlolr7c0hcn3jmwsuddwj62jq35cnhf8fs3rymo2rnyg4vz1i7qj99q6d7f:latest/conf_mat_table.table.json", "path": "media/table/conf_mat_table_1684_ad0e875fd9ba34faa03e.table.json", "ncols": 3, "nrows": 25}, "lr-Adam": 0.0001, "trainer/global_step": 289, "loss_comp_time_inside_training": 0.0005586147308349609, "loss": 17.142629623413086, "accuracy": 0.5625, "misc_time_inside_training": 0.0005736351013183594, "training_step_time": 0.4302177429199219, "train_loss_epoch": 15.160518646240234, "epoch": 9, "_wandb": {"runtime": 1010}}