{"loss_val": 270.0, "_timestamp": 1731762836.9913855, "_runtime": 117.38643145561218, "_step": 126, "accuracy val ": 0.699999988079071, "conf_mat_table": {"_type": "table-file", "sha256": "0491e9222aa48d3006b210d4e1385fcb0196f3dc020777d7288f88d9564caeba", "size": 568, "artifact_path": "wandb-client-artifact://4qsomvwmls0rybrt17h4z9u1l9wb3xxj01i8avt8vtbxftzsmjqf1ep4tf5359kyq8cxnulx1scunl1yb5aq2uh9la8su5n7jcm3oo9r2u0tvj7ho608l238dolecyvo:latest/conf_mat_table.table.json", "_latest_artifact_path": "wandb-client-artifact://4qsomvwmls0rybrt17h4z9u1l9wb3xxj01i8avt8vtbxftzsmjqf1ep4tf5359kyq8cxnulx1scunl1yb5aq2uh9la8su5n7jcm3oo9r2u0tvj7ho608l238dolecyvo:latest/conf_mat_table.table.json", "path": "media/table/conf_mat_table_5_0491e9222aa48d3006b2.table.json", "ncols": 3, "nrows": 25}, "lr-Adam": 0.001, "trainer/global_step": 0, "loss_comp_time_inside_training": 0.0016810894012451172, "loss": 55.89411163330078, "accuracy": 0.8333333730697632, "misc_time_inside_training": 0.0009167194366455078, "training_step_time": 1.2188711166381836, "_wandb": {"runtime": 116}}