{"loss_val": 59.529354095458984, "_timestamp": 1732115594.3550892, "_runtime": 897.9880681037903, "_step": 1081, "accuracy val ": 0.1071428656578064, "conf_mat_table": {"_type": "table-file", "sha256": "35372863c3acde234a59a193503e8e2680f6123e915a1ac1c2f6014cdff88249", "size": 567, "artifact_path": "wandb-client-artifact://duf5ic8rmpgcm9r9oydkvyzh6cgkk24pnqo8ag9wo5o1mj4fca3nlumsc8z84r09nbxiosppxoiia612gz80my5bnpn7649tls0ohokc128y11ay7nvlo5kyptvk370l:latest/conf_mat_table.table.json", "_latest_artifact_path": "wandb-client-artifact://duf5ic8rmpgcm9r9oydkvyzh6cgkk24pnqo8ag9wo5o1mj4fca3nlumsc8z84r09nbxiosppxoiia612gz80my5bnpn7649tls0ohokc128y11ay7nvlo5kyptvk370l:latest/conf_mat_table.table.json", "path": "media/table/conf_mat_table_5_35372863c3acde234a59.table.json", "ncols": 3, "nrows": 25}, "lr-Adam": 0.001, "trainer/global_step": 0, "loss_comp_time_inside_training": 0.0009701251983642578, "loss": 0.3958128094673157, "accuracy": 0.5769230723381042, "misc_time_inside_training": 0.002871990203857422, "training_step_time": 0.5621116161346436, "_wandb": {"runtime": 900}}