{"loss_val": 325.0030517578125, "_timestamp": 1731763055.2529988, "_runtime": 187.11878180503845, "_step": 236, "accuracy val ": 0.4375, "conf_mat_table": {"_type": "table-file", "sha256": "ed8e06f0845ce43a747bbf35f359907b113989cc851c46fc3b70e1730bd93947", "size": 567, "artifact_path": "wandb-client-artifact://ksmzfzbhkuqmnm8imefua7tqrl07z7sz4d7i7o0ineyuc2o27aiui17e89btovf78bajheq1hsroxi2wkr160zdwgjzh0j5jxnygasqix4q7qdn9qzohhst9tc1978ji:latest/conf_mat_table.table.json", "_latest_artifact_path": "wandb-client-artifact://ksmzfzbhkuqmnm8imefua7tqrl07z7sz4d7i7o0ineyuc2o27aiui17e89btovf78bajheq1hsroxi2wkr160zdwgjzh0j5jxnygasqix4q7qdn9qzohhst9tc1978ji:latest/conf_mat_table.table.json", "path": "media/table/conf_mat_table_5_ed8e06f0845ce43a747b.table.json", "ncols": 3, "nrows": 25}, "lr-Adam": 0.001, "trainer/global_step": 0, "loss_comp_time_inside_training": 0.0010666847229003906, "loss": 14.798511505126953, "accuracy": 0.8571428656578064, "misc_time_inside_training": 0.0006413459777832031, "training_step_time": 0.8129816055297852, "_wandb": {"runtime": 186}}