{"loss_val": 0.2478487640619278, "_timestamp": 1731880920.915248, "_runtime": 1263.8008499145508, "_step": 2655, "accuracy val ": 0.8947368264198303, "conf_mat_table": {"_type": "table-file", "sha256": "d7b01c452cf1b9a8a3923ff711f3291b0d5dfb2bd49f25fc7951607ddf2a8e39", "size": 567, "artifact_path": "wandb-client-artifact://g9trq728drceizem8acobq20ak2knyirit9o104zn5ng6xjdat9v65aqy0l67ldfrq1rvv8nzws63e9y1is7p9e2sqrctc1jthyvjt8dbp9zwm2qhzygcb1hajx3k1h6:latest/conf_mat_table.table.json", "_latest_artifact_path": "wandb-client-artifact://g9trq728drceizem8acobq20ak2knyirit9o104zn5ng6xjdat9v65aqy0l67ldfrq1rvv8nzws63e9y1is7p9e2sqrctc1jthyvjt8dbp9zwm2qhzygcb1hajx3k1h6:latest/conf_mat_table.table.json", "path": "media/table/conf_mat_table_2654_d7b01c452cf1b9a8a392.table.json", "ncols": 3, "nrows": 25}, "lr-Adam": 0.001, "trainer/global_step": 459, "loss_comp_time_inside_training": 0.0004401206970214844, "loss": 0.4612513780593872, "accuracy": 0.6785714626312256, "misc_time_inside_training": 0.0004849433898925781, "training_step_time": 0.44870805740356445, "train_loss_epoch": 0.7541925311088562, "epoch": 9, "_wandb": {"runtime": 1263}}