{"loss_val": 56.217010498046875, "_timestamp": 1731879570.9038286, "_runtime": 4.086193561553955, "_step": 1, "accuracy val ": 0.1428571492433548, "_wandb": {"runtime": 3}}