{"loss_val": 3.880983829498291, "_timestamp": 1729868764.898787, "_runtime": 946.0984299182892, "_step": 1735, "accuracy val ": 0.7368420958518982, "conf_mat_table": {"_type": "table-file", "sha256": "046734b0a13df771b2f5c460ebe97635ab4e89013ffa18e21d2afe26f33205ce", "size": 143, "path": "media/table/conf_mat_table_1734_046734b0a13df771b2f5.table.json", "ncols": 3, "nrows": 4}, "lr-Adam": 0.001, "trainer/global_step": 299, "loss_comp_time_inside_training": 0.000621795654296875, "loss": 4.3736572265625, "accuracy": 0.7058823704719543, "misc_time_inside_training": 0.0003597736358642578, "training_step_time": 0.34015631675720215, "train_loss_epoch": 35.754093170166016, "epoch": 9, "_wandb": {"runtime": 946}}