{"loss_val": 27.5, "_timestamp": 1730672193.0350358, "_runtime": 648.1998319625854, "_step": 1084, "accuracy val ": 0.3125, "conf_mat_table": {"_type": "table-file", "sha256": "6839c65793a647aacbf2b11828653f0b37dc9ccdd74599cebd13f6674adaf69d", "size": 558, "artifact_path": "wandb-client-artifact://v7t6mmioxkktv0ydncmxllozzmdsodn0d8i86avrbd27gmbn3a4lhwo7hk76f5u2hxvfqsb4kiz4zwh4u97uz6ae1ih1nxgcjf53wk1k73scztvvvg65m3gvk7l1r6d6:latest/conf_mat_table.table.json", "_latest_artifact_path": "wandb-client-artifact://v7t6mmioxkktv0ydncmxllozzmdsodn0d8i86avrbd27gmbn3a4lhwo7hk76f5u2hxvfqsb4kiz4zwh4u97uz6ae1ih1nxgcjf53wk1k73scztvvvg65m3gvk7l1r6d6:latest/conf_mat_table.table.json", "path": "media/table/conf_mat_table_1012_6839c65793a647aacbf2.table.json", "ncols": 3, "nrows": 25}, "lr-Adam": 0.0001, "trainer/global_step": 174, "loss_comp_time_inside_training": 0.0007054805755615234, "loss": 30.0, "accuracy": 0.25, "misc_time_inside_training": 0.0005612373352050781, "training_step_time": 0.4625887870788574, "train_loss_epoch": 25.422780990600586, "epoch": 5, "_wandb": {"runtime": 650}}