{"loss_val": 437.5, "_timestamp": 1731691918.1037722, "_runtime": 447.57779121398926, "_step": 731, "accuracy val ": 0.3125, "conf_mat_table": {"_type": "table-file", "sha256": "99c78c5db37ff029a2ced0dc82552f8849d79a37315c59e9171d3be23837feb2", "size": 567, "artifact_path": "wandb-client-artifact://k68jviafx4h5x51yj6sqi27na1bymwg3uom5nbg06thrkg438uuba9l1jd9pyxoyb1izi23vc047e65pkk7yscf1ihhy4c78mlxw388y21gqorn2r4u718deyjgx2nbv:latest/conf_mat_table.table.json", "_latest_artifact_path": "wandb-client-artifact://k68jviafx4h5x51yj6sqi27na1bymwg3uom5nbg06thrkg438uuba9l1jd9pyxoyb1izi23vc047e65pkk7yscf1ihhy4c78mlxw388y21gqorn2r4u718deyjgx2nbv:latest/conf_mat_table.table.json", "path": "media/table/conf_mat_table_5_99c78c5db37ff029a2ce.table.json", "ncols": 3, "nrows": 25}, "lr-Adam": 0.001, "trainer/global_step": 0, "loss_comp_time_inside_training": 0.0009317398071289062, "loss": 387.5, "accuracy": 0.3125, "misc_time_inside_training": 0.0005400180816650391, "training_step_time": 0.604517936706543, "_wandb": {"runtime": 449}}