{"loss_val": 194.44444274902344, "_timestamp": 1731765019.7571263, "_runtime": 29.195863246917725, "_step": 41, "accuracy val ": 0.7222222089767456, "conf_mat_table": {"_type": "table-file", "sha256": "0aaadc53a358207f48ae81679f98bdc6f9a860b4d8d25d4e85bfae37c8787438", "size": 143, "artifact_path": "wandb-client-artifact://7yblv6tp5gmw1l7hyjatca1u8ugy4wcx1pdpr60xps3r1cehnib8n79qc8u0q4hed88bq41mu2h7ju4qmkncgfyu64wgdy0f1ujxn126dt1jufp4ntuhi5bdc6ulnf6e:latest/conf_mat_table.table.json", "_latest_artifact_path": "wandb-client-artifact://7yblv6tp5gmw1l7hyjatca1u8ugy4wcx1pdpr60xps3r1cehnib8n79qc8u0q4hed88bq41mu2h7ju4qmkncgfyu64wgdy0f1ujxn126dt1jufp4ntuhi5bdc6ulnf6e:latest/conf_mat_table.table.json", "path": "media/table/conf_mat_table_5_0aaadc53a358207f48ae.table.json", "ncols": 3, "nrows": 4}, "lr-Adam": 0.001, "trainer/global_step": 0, "loss_comp_time_inside_training": 0.0011200904846191406, "loss": 86.66807556152344, "accuracy": 0.9090909361839294, "misc_time_inside_training": 0.0005686283111572266, "training_step_time": 0.7797377109527588, "_wandb": {"runtime": 28}}