{"loss_val": 306.3243103027344, "_timestamp": 1731763531.4908786, "_runtime": 118.48437261581421, "_step": 131, "accuracy val ": 0.5, "conf_mat_table": {"_type": "table-file", "sha256": "0b08df75e52af937539430dc41c1fb938375f5a65f5f9c7b61c391ca10871d46", "size": 143, "artifact_path": "wandb-client-artifact://z4x1dyiawl2dnm19mdlg17wm1sabwtda4ufsx5rktgpprpprn57z5if9io5oj86ya5h9pe2v5nxgzychvcxtnmtc2039p1tw8askvmfebyem4i2nizetw93md7713ey1:latest/conf_mat_table.table.json", "_latest_artifact_path": "wandb-client-artifact://z4x1dyiawl2dnm19mdlg17wm1sabwtda4ufsx5rktgpprpprn57z5if9io5oj86ya5h9pe2v5nxgzychvcxtnmtc2039p1tw8askvmfebyem4i2nizetw93md7713ey1:latest/conf_mat_table.table.json", "path": "media/table/conf_mat_table_5_0b08df75e52af9375394.table.json", "ncols": 3, "nrows": 4}, "lr-Adam": 0.001, "trainer/global_step": 0, "loss_comp_time_inside_training": 0.0011436939239501953, "loss": 20.157682418823242, "accuracy": 0.8260869979858398, "misc_time_inside_training": 0.0005533695220947266, "training_step_time": 1.0035409927368164, "_wandb": {"runtime": 117}}