{"loss_val": 21.770586013793945, "_timestamp": 1730670553.1711805, "_runtime": 649.4983603954315, "_step": 1084, "accuracy val ": 0.5625, "conf_mat_table": {"_type": "table-file", "sha256": "33b91ca9b695b99f03a0d105d1391f185cbe814870ad74e36ce00f640089cb86", "size": 557, "artifact_path": "wandb-client-artifact://xkme2h65iq4g9uxwa3726xl01ts1k2k9nv2588byxtc2otdjla3wzrobaexbbn62y47l1yvwli5ktv6j353t89spm3nfnco6q1t4kt5qtfxdl2qgp3mjnkbif3szxlyy:latest/conf_mat_table.table.json", "_latest_artifact_path": "wandb-client-artifact://xkme2h65iq4g9uxwa3726xl01ts1k2k9nv2588byxtc2otdjla3wzrobaexbbn62y47l1yvwli5ktv6j353t89spm3nfnco6q1t4kt5qtfxdl2qgp3mjnkbif3szxlyy:latest/conf_mat_table.table.json", "path": "media/table/conf_mat_table_1012_33b91ca9b695b99f03a0.table.json", "ncols": 3, "nrows": 25}, "lr-Adam": 0.0001, "trainer/global_step": 174, "loss_comp_time_inside_training": 0.0006461143493652344, "loss": 17.333003997802734, "accuracy": 0.75, "misc_time_inside_training": 0.0003783702850341797, "training_step_time": 0.5489938259124756, "train_loss_epoch": 30.646297454833984, "epoch": 5, "_wandb": {"runtime": 651}}