{"loss_val": 220.99864196777344, "_timestamp": 1730386775.3549783, "_runtime": 65.25195121765137, "_step": 16, "accuracy val ": 0.7428571581840515, "conf_mat_table": {"_type": "table-file", "sha256": "7f80a66f4ea0b23718add0158194846cdfadfe068b3cb0368a5042f8fb49982c", "size": 143, "artifact_path": "wandb-client-artifact://tnanqj0p90s9sb5qrblf0iusj5qmkmrvixxefigg7k3dtrh2mze72korrx6cpzxzwgmi68zflaqd54hm3lg2hm41coq8kqeucek0wlza5sv8nqry39zvaaqbeiaaaby4:latest/conf_mat_table.table.json", "_latest_artifact_path": "wandb-client-artifact://tnanqj0p90s9sb5qrblf0iusj5qmkmrvixxefigg7k3dtrh2mze72korrx6cpzxzwgmi68zflaqd54hm3lg2hm41coq8kqeucek0wlza5sv8nqry39zvaaqbeiaaaby4:latest/conf_mat_table.table.json", "path": "media/table/conf_mat_table_5_7f80a66f4ea0b23718ad.table.json", "ncols": 3, "nrows": 4}, "lr-Adam": 0.001, "trainer/global_step": 0, "loss_comp_time_inside_training": 0.0009965896606445312, "loss": 397.250732421875, "accuracy": 0.17142857611179352, "misc_time_inside_training": 0.0004932880401611328, "training_step_time": 0.79471755027771, "_wandb": {"runtime": 64}}