{"loss_val": 73.19612121582031, "_timestamp": 1730669126.5321329, "_runtime": 147.57279992103577, "_step": 254, "accuracy val ": 0.6666666865348816, "conf_mat_table": {"_type": "table-file", "sha256": "a5f9ee74e3b6b48b64be605bc1ead8fff9d157ac45743a98d23c3cb5f71a084c", "size": 143, "artifact_path": "wandb-client-artifact://g11ufdc3dh4zizvflhbtvgiy4od3trhu1m951ypg0sq4og6063i4j0bq9lqpwh939pjm2tuqftp43wybykmp7q9tt9i30msbfnz7vboa1xyu2j5e699yalxumh9lnlma:latest/conf_mat_table.table.json", "_latest_artifact_path": "wandb-client-artifact://g11ufdc3dh4zizvflhbtvgiy4od3trhu1m951ypg0sq4og6063i4j0bq9lqpwh939pjm2tuqftp43wybykmp7q9tt9i30msbfnz7vboa1xyu2j5e699yalxumh9lnlma:latest/conf_mat_table.table.json", "path": "media/table/conf_mat_table_172_a5f9ee74e3b6b48b64be.table.json", "ncols": 3, "nrows": 4}, "lr-Adam": 0.001, "trainer/global_step": 29, "loss_comp_time_inside_training": 0.0006651878356933594, "loss": 128.40960693359375, "accuracy": 0.7894737124443054, "misc_time_inside_training": 0.0004191398620605469, "training_step_time": 0.44833970069885254, "train_loss_epoch": 172.97975158691406, "epoch": 0, "_wandb": {"runtime": 149}}