{"loss_val": 10.216632843017578, "_timestamp": 1730669877.9912813, "_runtime": 120.9863953590393, "_step": 204, "accuracy val ": 0.4375, "conf_mat_table": {"_type": "table-file", "sha256": "ae18b16ebfe5fdb3d3177c8899d12b49b62fe4ac620f4c9ccba02105f0500309", "size": 142, "artifact_path": "wandb-client-artifact://x8d0xk5xsk1e95m74uwibreq5kkwlfgkwefsgx4dseyndnncn4n0ryam49zri5d2ampxrzymmm2uouxtxir9kkhebm6a35fzb8myzsog4z7c0mndpdk2y5sj6qhbq68k:latest/conf_mat_table.table.json", "_latest_artifact_path": "wandb-client-artifact://x8d0xk5xsk1e95m74uwibreq5kkwlfgkwefsgx4dseyndnncn4n0ryam49zri5d2ampxrzymmm2uouxtxir9kkhebm6a35fzb8myzsog4z7c0mndpdk2y5sj6qhbq68k:latest/conf_mat_table.table.json", "path": "media/table/conf_mat_table_172_ae18b16ebfe5fdb3d317.table.json", "ncols": 3, "nrows": 4}, "lr-Adam": 0.001, "trainer/global_step": 29, "loss_comp_time_inside_training": 0.0005550384521484375, "loss": 9.758989334106445, "accuracy": 0.3125, "misc_time_inside_training": 0.0004074573516845703, "training_step_time": 0.43687868118286133, "train_loss_epoch": 31.960935592651367, "epoch": 0, "_wandb": {"runtime": 122}}