{"loss_val": 281.25, "_timestamp": 1731764240.9741926, "_runtime": 574.1462895870209, "_step": 971, "accuracy val ": 0.4375, "conf_mat_table": {"_type": "table-file", "sha256": "c840e0fe043f5f7b9e4ceef72669f80990f811ff17482309b2c40d66661617d8", "size": 142, "artifact_path": "wandb-client-artifact://ili3v3qiijkmn7p8vn8jogz1aon78z7lgn0ru1l2yn6a4ab16ypobdy6nlc7mq6qtxkzx2l9dsamdzj448foctevqtp9os3eokt0sci2tx8md72m2e3nzpngx25yhlv3:latest/conf_mat_table.table.json", "_latest_artifact_path": "wandb-client-artifact://ili3v3qiijkmn7p8vn8jogz1aon78z7lgn0ru1l2yn6a4ab16ypobdy6nlc7mq6qtxkzx2l9dsamdzj448foctevqtp9os3eokt0sci2tx8md72m2e3nzpngx25yhlv3:latest/conf_mat_table.table.json", "path": "media/table/conf_mat_table_5_c840e0fe043f5f7b9e4c.table.json", "ncols": 3, "nrows": 4}, "lr-Adam": 0.001, "trainer/global_step": 0, "loss_comp_time_inside_training": 0.001116037368774414, "loss": 4.563230037689209, "accuracy": 0.6000000238418579, "misc_time_inside_training": 0.0007181167602539062, "training_step_time": 0.4348175525665283, "_wandb": {"runtime": 575}}