{"loss_val": 185.6153106689453, "_timestamp": 1731691319.4349446, "_runtime": 117.56466960906982, "_step": 116, "accuracy val ": 0.5, "conf_mat_table": {"_type": "table-file", "sha256": "60b75133258376621a1e289593993e8042c0db0c70c5a373f9ab7d31ed2e905b", "size": 568, "artifact_path": "wandb-client-artifact://a3efcc2q4fomxfzsm25jh9hx8t8h2maxivrbj01r3ibch2me715059otlr9jblm6rysbn7tq6j1agtjxwzs48xk89ee1byk1tsdwm4vfg1qnpexn4xnljiie7hwoqnlg:latest/conf_mat_table.table.json", "_latest_artifact_path": "wandb-client-artifact://a3efcc2q4fomxfzsm25jh9hx8t8h2maxivrbj01r3ibch2me715059otlr9jblm6rysbn7tq6j1agtjxwzs48xk89ee1byk1tsdwm4vfg1qnpexn4xnljiie7hwoqnlg:latest/conf_mat_table.table.json", "path": "media/table/conf_mat_table_5_60b75133258376621a1e.table.json", "ncols": 3, "nrows": 25}, "lr-Adam": 0.001, "trainer/global_step": 0, "loss_comp_time_inside_training": 0.0010173320770263672, "loss": 14.982500076293945, "accuracy": 0.8181818723678589, "misc_time_inside_training": 0.0005555152893066406, "training_step_time": 1.2951140403747559, "_wandb": {"runtime": 117}}