{"loss_val": 367.115234375, "_timestamp": 1731764346.4183187, "_runtime": 76.76267385482788, "_step": 56, "accuracy val ": 0.3499999940395355, "conf_mat_table": {"_type": "table-file", "sha256": "22b7a7c94bd69eb059b9027fe61f83c5925b10c79b183dd96450620c79302676", "size": 143, "artifact_path": "wandb-client-artifact://5i86m9pasjz51qp3g4nynuaet27v0i56f7v89sz294kolscpjao4o3bswy6bywvglhmswwg5dzsq84z5jg7pd6htuqqczalp7oql4g0gmpvwgnftfmwgtbtdkmhe0wi8:latest/conf_mat_table.table.json", "_latest_artifact_path": "wandb-client-artifact://5i86m9pasjz51qp3g4nynuaet27v0i56f7v89sz294kolscpjao4o3bswy6bywvglhmswwg5dzsq84z5jg7pd6htuqqczalp7oql4g0gmpvwgnftfmwgtbtdkmhe0wi8:latest/conf_mat_table.table.json", "path": "media/table/conf_mat_table_5_22b7a7c94bd69eb059b9.table.json", "ncols": 3, "nrows": 4}, "lr-Adam": 0.001, "trainer/global_step": 0, "loss_comp_time_inside_training": 0.0010056495666503906, "loss": 156.05165100097656, "accuracy": 0.6666666865348816, "misc_time_inside_training": 0.0005984306335449219, "training_step_time": 0.7761187553405762, "_wandb": {"runtime": 76}}