{"loss_val": 0.5151967406272888, "_timestamp": 1732114452.4116278, "_runtime": 173.2444326877594, "_step": 270, "accuracy val ": 0.5652173757553101, "conf_mat_table": {"_type": "table-file", "sha256": "5c804a52bfb024ee6677276a27aa464676617c7b7ee9a249886d0865ca4ff1b7", "size": 567, "artifact_path": "wandb-client-artifact://apt9dmeszw1kqsim0mj08qprulx983hbv9069wr0lg3b2zghdbevc1gjgpqv26z7zlebgr6g9i4qiqnvj5n7l0aqo1bh24don5kqw6wyz7vwt61r54lkyibj668boddh:latest/conf_mat_table.table.json", "_latest_artifact_path": "wandb-client-artifact://apt9dmeszw1kqsim0mj08qprulx983hbv9069wr0lg3b2zghdbevc1gjgpqv26z7zlebgr6g9i4qiqnvj5n7l0aqo1bh24don5kqw6wyz7vwt61r54lkyibj668boddh:latest/conf_mat_table.table.json", "path": "media/table/conf_mat_table_269_5c804a52bfb024ee6677.table.json", "ncols": 3, "nrows": 25}, "lr-Adam": 0.001, "trainer/global_step": 45, "loss_comp_time_inside_training": 0.0005216598510742188, "loss": 0.9238519072532654, "accuracy": 0.3333333432674408, "misc_time_inside_training": 0.0005855560302734375, "training_step_time": 0.6747174263000488, "train_loss_epoch": 5.641213417053223, "epoch": 0, "_wandb": {"runtime": 172}}