{"loss_val": 1.4791799783706665, "_timestamp": 1730407129.4053218, "_runtime": 18410.74267077446, "_step": 32842, "accuracy val ": 0.8947368264198303, "conf_mat_table": {"_type": "table-file", "sha256": "f6e7c1ebc039d746c7500e309914531f4e8d8c4d3d78450547429eab24a00830", "size": 143, "artifact_path": "wandb-client-artifact://jw5q902mvclu2q6eiofg5mszu5hctjoi4iji0rb9zq48vf8rhi4qg26gzx7cq6zudo272hra6xy97194fsti99nn8lwzjc4xq2sn2uy7rt2fhw5clkafd3aah35yyfg2:latest/conf_mat_table.table.json", "_latest_artifact_path": "wandb-client-artifact://jw5q902mvclu2q6eiofg5mszu5hctjoi4iji0rb9zq48vf8rhi4qg26gzx7cq6zudo272hra6xy97194fsti99nn8lwzjc4xq2sn2uy7rt2fhw5clkafd3aah35yyfg2:latest/conf_mat_table.table.json", "path": "media/table/conf_mat_table_32475_f6e7c1ebc039d746c750.table.json", "ncols": 3, "nrows": 4}, "lr-Adam": 0.001, "trainer/global_step": 5643, "loss_comp_time_inside_training": 0.0007014274597167969, "loss": 2.3295814990997314, "accuracy": 0.8333333134651184, "misc_time_inside_training": 0.0004971027374267578, "training_step_time": 0.33673715591430664, "train_loss_epoch": 3.537393808364868, "epoch": 18, "_wandb": {"runtime": 18413}}