{"loss_val": 43.497615814208984, "_timestamp": 1730669353.9173727, "_runtime": 32.08532977104187, "_step": 51, "accuracy val ": 0.5, "conf_mat_table": {"_type": "table-file", "sha256": "86b80e061f99ccd712459b81ecb40f7812a9379561b362138b55702104bb14c5", "size": 142, "artifact_path": "wandb-client-artifact://7cj7spr5qcm87vkq623mp0xdlfpuy7ti99t3fot0qt8abli6rh4awkehlu6f370d897nnapgzgxv0cpw7bafh3xuxqlcrvjeq083ygmddycwy72a0dngcl3woahyc7m4:latest/conf_mat_table.table.json", "_latest_artifact_path": "wandb-client-artifact://7cj7spr5qcm87vkq623mp0xdlfpuy7ti99t3fot0qt8abli6rh4awkehlu6f370d897nnapgzgxv0cpw7bafh3xuxqlcrvjeq083ygmddycwy72a0dngcl3woahyc7m4:latest/conf_mat_table.table.json", "path": "media/table/conf_mat_table_5_86b80e061f99ccd71245.table.json", "ncols": 3, "nrows": 4}, "lr-Adam": 0.001, "trainer/global_step": 0, "loss_comp_time_inside_training": 0.00060272216796875, "loss": 39.45252990722656, "accuracy": 0.625, "misc_time_inside_training": 0.0003457069396972656, "training_step_time": 0.40410661697387695, "_wandb": {"runtime": 33}}