{"loss_val": 27.5, "_timestamp": 1730736737.933806, "_runtime": 463.7377419471741, "_step": 645, "accuracy val ": 0.3125, "conf_mat_table": {"_type": "table-file", "sha256": "6839c65793a647aacbf2b11828653f0b37dc9ccdd74599cebd13f6674adaf69d", "size": 558, "artifact_path": "wandb-client-artifact://gh8oytvzky8o5o8hii2oi04dc11c97i7a7xbd8g9k57damp14gguy2ncmsfc905ssgmp613dxxathhzm6nzjgdipq43mgvz3178xrlfakf7eyygrad921q0l2kf2s5z3:latest/conf_mat_table.table.json", "_latest_artifact_path": "wandb-client-artifact://gh8oytvzky8o5o8hii2oi04dc11c97i7a7xbd8g9k57damp14gguy2ncmsfc905ssgmp613dxxathhzm6nzjgdipq43mgvz3178xrlfakf7eyygrad921q0l2kf2s5z3:latest/conf_mat_table.table.json", "path": "media/table/conf_mat_table_523_6839c65793a647aacbf2.table.json", "ncols": 3, "nrows": 25}, "lr-Adam": 0.001, "trainer/global_step": 90, "loss_comp_time_inside_training": 0.0011396408081054688, "loss": 25.0, "accuracy": 0.375, "misc_time_inside_training": 0.0006947517395019531, "training_step_time": 0.37857699394226074, "train_loss_epoch": 24.78900718688965, "epoch": 2, "_wandb": {"runtime": 464}}