{"loss_val": 25.0, "_timestamp": 1730671483.0603216, "_runtime": 222.38681149482727, "_step": 372, "accuracy val ": 0.375, "conf_mat_table": {"_type": "table-file", "sha256": "9f53c21a28e49912c7b22572c433457df2eaa49d94f04dfe553d342c0181f9a8", "size": 558, "artifact_path": "wandb-client-artifact://30pujsvlp3pzps53hqdv9wqf2dc8s7w81uzl6j9q9s374jswxs1b7qfzvotzzqq84rrgch8kwbff2grblka025btalz5t38zw70lhc6h0mt3vi4o2jrdbxhbq1xaegxi:latest/conf_mat_table.table.json", "_latest_artifact_path": "wandb-client-artifact://30pujsvlp3pzps53hqdv9wqf2dc8s7w81uzl6j9q9s374jswxs1b7qfzvotzzqq84rrgch8kwbff2grblka025btalz5t38zw70lhc6h0mt3vi4o2jrdbxhbq1xaegxi:latest/conf_mat_table.table.json", "path": "media/table/conf_mat_table_340_9f53c21a28e49912c7b2.table.json", "ncols": 3, "nrows": 25}, "lr-Adam": 0.001, "trainer/global_step": 58, "loss_comp_time_inside_training": 0.0005626678466796875, "loss": 40.0, "accuracy": 0.0, "misc_time_inside_training": 0.0004363059997558594, "training_step_time": 0.47338151931762695, "train_loss_epoch": 24.468233108520508, "epoch": 1, "_wandb": {"runtime": 224}}